{
  "stat": 12.355823040305618,
  "budget": 1.5305566027903748,
  "skill": -3.1524506079236168,
  "cat": 9.183339616742186,
  "cat_ATK": -2.6645352591003757e-15,
  "cat_Def": 3.3306690738754696e-16,
  "cat_Magic": -0.10240653223993013,
  "class": 6.855252168563504,
  "lane": -5.413083491498829
}