{
  "stat": 10.311740868268615,
  "budget": 1.6059418426529906,
  "skill": -3.1210485825236804,
  "cat": 9.635651055917993,
  "cat_ATK": 2.9976021664879227e-15,
  "cat_Def": 0.0,
  "cat_Magic": 0.01997710098458838,
  "class": -0.3196129957258793,
  "lane": -0.14648871713549738
}