{
  "stat": 1399.030351834714,
  "budget": 0.0,
  "skill": -317.72452652652584,
  "synergy": 0.011072545104369124,
  "cat": 0.0,
  "class": 773.5600694925482,
  "lane": -494.3370645299932,
  "cat_ATK": 0.0,
  "cat_Def": 0.0,
  "cat_Magic": -33.76392485843923
}