{
  "stat": 1234.5152900513515,
  "budget": 167.21484907713506,
  "skill": -330.69627100529004,
  "synergy": 0.05699362842449318,
  "cat": 1003.2890944627134,
  "cat_ATK": 0.0,
  "cat_Def": -7.105427357601002e-14,
  "cat_Magic": -7.597867980580487,
  "class": 757.0236731369758,
  "lane": -379.0656780893436
}