{
  "stat": 12.210533136438032,
  "budget": 1.5418784650503874,
  "skill": -3.227235535145378,
  "synergy": -0.0012660792782528407,
  "cat": 9.251270790312363,
  "cat_ATK": 0.0,
  "cat_Def": 2.220446049250313e-16,
  "cat_Magic": -0.02990767569504543,
  "class": 6.8907772290645015,
  "lane": -5.282919354476533
}