{
    "move_speed": -0.1284779552097208,
    "cdr": -0.12106841500367696,
    "aspd": 9.171941139006671,
    "crit_rate": -29.24376134620588,
    "max_hp": -0.0013572176281233276,
    "m_power": -0.004674345808244827,
    "p_pierce_percent": -13.830106442720146,
    "p_atk": -0.006606292544773439,
    "m_pierce_percent": 3.624086195930808,
    "p_def": -0.0006954198569519936,
    "m_def": 0.0
}